{"cameraMode":{"drawMode":0,"name":"Shaded","section":"Shading Mode"},"sceneLighting":true,"audioPlay":false,"sceneViewState":{"m_AlwaysRefresh":false,"showFog":true,"showSkybox":true,"showFlares":true,"showImageEffects":true,"showParticleSystems":true,"showVisualEffectGraphs":true,"m_FxEnabled":true},"in2DMode":false,"pivot":{"x":65.4274673461914,"y":-4.002758026123047,"z":39.68000030517578},"rotation":{"x":0.044769465923309329,"y":0.4683457016944885,"z":-0.023769546300172807,"w":0.8820998668670654},"size":50.526206970214847,"orthographic":false}